Flag,N,Rep,Tempo,RSS,Text,Cycles,Instructions,CacheReferences,CacheMisses,Branches,BranchMisses,L1Loads,L1LoadMisses,L2Access,L2Misses,L3Access,L3Misses
-O0,256,1,0.052796,18756,2832,237582381,439538890,40363401,16190146,21006366,202038,129467893,19025190,19061091,564193,NA,NA
-O0,256,2,0.049825,18684,2832,229942157,459651583,41570263,16796382,21554232,189164,125269163,18014349,18240972,342164,NA,NA
-O0,256,3,0.047489,18904,2832,219420572,463219837,44288946,16961425,21665314,104233,125175439,18336732,18342580,451432,NA,NA
-O0,256,4,0.047442,18904,2832,217705803,463625869,44697625,17079568,21711532,270083,124005094,17992648,18218906,472666,NA,NA
-O0,256,5,0.047170,18916,2832,216985439,463470751,45261305,16909904,21672306,99825,124984447,18293601,18270633,362309,NA,NA
-O0,256,6,0.048024,18940,2832,222542651,464426926,44154844,16588357,21709077,102139,124256299,17917400,18205089,686959,NA,NA
-O0,256,7,0.048684,18780,2832,224926187,468430495,44297886,17030367,21721665,127848,123169965,17643466,17932265,296426,NA,NA
-O0,256,8,0.049866,18628,2832,231766552,462636457,42744283,16992853,21634410,218780,124539838,17894054,17960982,336935,NA,NA
-O0,256,9,0.048755,18544,2832,228878715,461680329,44021999,16945491,21655742,279981,124594585,17870556,17963173,248614,NA,NA
-O0,256,10,0.048784,18640,2832,226752323,464605997,42515643,17034061,21708249,267510,123883109,17833141,18032407,395321,NA,NA
-O0,256,11,0.047784,18824,2832,219686494,459691928,45913856,17179835,21502694,106490,125877392,18388086,18389975,744504,NA,NA
-O0,256,12,0.050279,18940,2832,226638188,461742016,45066443,17815588,21507432,262889,124598237,18015764,17697570,447964,NA,NA
-O0,256,13,0.049981,18888,2832,225217052,460277036,42629875,16819560,21436153,105057,125311154,18083433,18392474,406121,NA,NA
-O0,256,14,0.048768,18856,2832,224789109,468232362,48245589,18622403,21806521,123563,123936856,18173703,18102970,710849,NA,NA
-O0,256,15,0.049883,18568,2832,221013402,461504041,48644581,18024398,21668048,148246,125527527,18007356,18278725,737990,NA,NA
-O0,256,16,0.048000,18404,2832,219458466,464388675,48962181,18206800,21815120,125139,124917878,18143088,18169837,588104,NA,NA
-O0,256,17,0.049848,18904,2832,229851328,465021687,43417604,17366386,21670937,155326,124274384,17998906,18211829,552880,NA,NA
-O0,256,18,0.048413,18816,2832,223892477,461094755,46354820,17411093,21655901,279397,125345461,18072978,18377816,627142,NA,NA
-O0,256,19,0.049853,18740,2832,232371541,467257922,47791105,18071317,21351870,218541,123590649,18060673,18288216,788029,NA,NA
-O0,256,20,0.051440,18800,2832,237295201,474548478,47970142,18211535,21379887,159355,121616602,17661002,17647569,687331,NA,NA
-O0,256,21,0.061899,18924,2832,261164868,465140774,40221629,16036076,22184202,314536,124240558,18190733,18309383,757060,NA,NA
-O0,256,22,0.052241,18936,2832,232672357,460688190,43005178,17234004,21646390,272520,125256815,18231215,18124291,570427,NA,NA
-O0,256,23,0.053611,19060,2832,245240517,467508375,44474254,17726862,21653298,116257,123787074,17622707,17451468,509787,NA,NA
-O0,256,24,0.050092,18816,2832,235870383,455656917,45502995,17444739,21100567,220916,126348195,18480136,18643408,744358,NA,NA
-O0,256,25,0.051810,18876,2832,238098673,460504099,45598154,17417526,21418235,187755,125026736,18017601,18177163,541389,NA,NA
-O0,256,26,0.047704,18936,2832,217272321,462198952,47729364,17832962,21515661,106698,125502231,18368468,18408716,3135258,NA,NA
-O0,256,27,0.048993,18872,2832,226776078,465401005,44084539,17012770,21668918,139991,123724435,17832515,18073389,402199,NA,NA
-O0,256,28,0.050740,19072,2832,230336086,465380264,44102409,17188534,21624153,177506,124396021,17824292,17836734,445755,NA,NA
-O0,256,29,0.049732,18908,2832,230104517,462996326,42653654,17047848,21677273,110964,124529251,17916975,18095812,358927,NA,NA
-O0,256,30,0.047993,19020,2832,218871070,459708056,45520969,17208790,21594965,172536,125662517,18062189,18362062,537244,NA,NA
-O1,256,1,0.026905,18804,2632,120511798,131755449,37037702,11478687,21072391,114608,38088156,19122501,18885883,1897165,NA,NA
-O1,256,2,0.027160,18972,2632,121681521,131091525,38464530,10915760,20675908,79010,38347927,19059016,19037910,2282671,NA,NA
-O1,256,3,0.028780,18728,2632,136743181,139326232,41967702,11454528,21175325,77479,36965311,18280619,18014491,2509770,NA,NA
-O1,256,4,0.028434,18504,2632,135382086,140064103,39660087,12327984,21515396,218278,36709877,18666852,18402023,2743555,NA,NA
-O1,256,5,0.028319,19028,2632,128003104,133571551,37750067,11227871,20969300,133254,37933828,19336335,18990624,2397864,NA,NA
-O1,256,6,0.027786,18912,2632,132387408,138526534,38625464,11205717,21478024,231759,37010186,18827159,18486440,2103698,NA,NA
-O1,256,7,0.027794,18732,2632,128162726,133484556,39657751,11288322,20972482,87022,37823122,18789179,18658157,1895656,NA,NA
-O1,256,8,0.027051,18928,2632,126983994,131308227,35964639,10440367,20978481,137572,38279798,19385876,18980712,1894039,NA,NA
-O1,256,9,0.027259,18876,2632,125962486,135028259,37129661,10764013,21064632,135537,37699818,19162990,18764270,2048971,NA,NA
-O1,256,10,0.023441,18816,2632,105803270,120785760,34497025,9324392,20394702,148289,39139687,19469232,19429922,2064792,NA,NA
-O1,256,11,0.026546,18600,2632,126887080,134007689,34510066,12194988,21021201,194445,37822915,19370480,18920971,3232300,NA,NA
-O1,256,12,0.027098,19060,2632,129360470,130112627,35425384,10419625,20618924,138077,38428526,19635039,19441322,1735233,NA,NA
-O1,256,13,0.026849,18940,2632,128787215,138864148,41682651,11264449,20941779,79607,37268586,18542828,18487627,2214875,NA,NA
-O1,256,14,0.027052,18892,2632,129025933,138277933,40972885,10844156,21136170,90486,37296414,18472667,18363376,1766175,NA,NA
-O1,256,15,0.026206,18820,2632,119884424,131404157,38264271,9879591,20806187,104526,38217080,19020588,19009359,1722562,NA,NA
-O1,256,16,0.026378,19072,2632,122607231,135122078,38910516,10110315,21003226,102761,37588445,18694214,18615518,1681832,NA,NA
-O1,256,17,0.027215,18948,2632,122275901,130901979,36861440,10866182,21050053,116114,38404090,19326973,18914183,2032071,NA,NA
-O1,256,18,0.025290,18672,2632,120258641,133999339,37520235,11284026,21141753,124941,37829308,18822501,18601602,2724733,NA,NA
-O1,256,19,0.025970,19072,2632,117675290,132601005,37215777,11630745,21130367,113054,38010107,18949249,18716474,2413135,NA,NA
-O1,256,20,0.026688,18784,2632,128178937,141090425,41883722,12563716,20886597,79690,36828495,18112351,18049519,2699454,NA,NA
-O1,256,21,0.028457,18908,2632,134670285,137033735,40677139,12359769,20943113,78848,37262975,18689015,18636393,2173024,NA,NA
-O1,256,22,0.027231,18660,2632,129927805,138169271,39892682,11063275,21134856,93270,37210379,18513912,18498422,2149721,NA,NA
-O1,256,23,0.026743,19156,2632,126873365,140512174,39976124,10296570,21181114,105862,36830526,18406537,18345675,1552230,NA,NA
-O1,256,24,0.026167,18924,2632,125430221,139687253,42084900,10435276,20823159,77810,36872880,18294169,18268303,1515909,NA,NA
-O1,256,25,0.026455,18980,2632,127340163,136574226,41404534,10633340,20798281,75851,37363430,18532210,18421958,1842282,NA,NA
-O1,256,26,0.026201,18708,2632,124350700,137440060,40670423,11027701,20695236,77524,37216641,18585804,18478626,2315924,NA,NA
-O1,256,27,0.025495,18824,2632,115189804,133034994,39995102,10778437,20668018,78013,37920811,18773908,18590683,1917504,NA,NA
-O1,256,28,0.025474,18924,2632,121984254,137866420,40718137,10564938,20654263,80521,37339630,18654035,18656577,2100973,NA,NA
-O1,256,29,0.027212,18988,2632,128156585,138094021,39157939,10322598,21296745,111561,37251394,18715088,18457348,1716668,NA,NA
-O1,256,30,0.027053,18768,2632,123596593,133908354,38950508,11470736,20762326,79762,37747570,18913027,18889073,2561505,NA,NA
-O2,256,1,0.012298,18864,2633,33867778,88194243,20354608,6729786,11638819,144975,20353911,9871989,9022922,NA,NA,NA
-O2,256,2,0.012178,18872,2633,63868203,90930875,22141670,5994261,11640924,59656,20025798,9093844,NA,NA,NA,NA
-O2,256,3,0.012657,18776,2633,48098496,86154277,20925126,6863421,11637981,75494,20847357,10004434,8299039,NA,NA,NA
-O2,256,4,0.012493,18928,2633,65961355,89948014,21961131,6620119,11652064,60408,20334991,9506324,NA,NA,NA,NA
-O2,256,5,0.012390,18560,2633,62498243,89948500,22017725,6111525,11669016,60113,20435206,9520416,NA,NA,NA,NA
-O2,256,6,0.012836,18720,2633,66717208,91533034,21562871,7127608,11662746,56844,20175606,9686948,7480395,NA,NA,NA
-O2,256,7,0.012271,18884,2633,36580390,82576316,19947936,6301313,11651283,108421,21159522,10328805,9496839,NA,NA,NA
-O2,256,8,0.012363,18716,2633,55120784,78796104,19209093,6413481,11648338,123238,21309199,10372326,9630415,NA,NA,NA
-O2,256,9,0.012891,18912,2633,64830694,81504084,19319989,6699184,11663448,86004,21449678,10320242,8890778,NA,NA,NA
-O2,256,10,0.013227,18768,2633,63577092,68271503,17399716,6643553,11715304,144442,21925492,10731653,10425213,1489908,NA,NA
-O2,256,11,0.013407,18692,2633,67834308,89811401,20497272,6496585,11664481,63243,20340002,9872116,7620295,NA,NA,NA
-O2,256,12,0.013100,19040,2633,68817750,90086034,21383745,6404037,11677650,63696,20354035,9578965,446878,NA,NA,NA
-O2,256,13,0.012419,18820,2633,66109181,82902496,19170252,5978963,11644217,141848,20901168,10240189,9620353,NA,NA,NA
-O2,256,14,0.011985,19108,2633,59333206,87449053,21774904,6096830,11636592,58657,20874966,9809002,NA,NA,NA,NA
-O2,256,15,0.012385,18916,2633,37178641,83591993,19293262,6366345,11667565,153780,20775936,10182056,9608216,NA,NA,NA
-O2,256,16,0.012292,18884,2633,59740102,89523043,22086195,6277293,11633588,58963,20443900,9402471,NA,NA,NA,NA
-O2,256,17,0.012232,19048,2633,61909349,90971987,20906123,5851761,11653633,97532,20194500,9679681,8720060,NA,NA,NA
-O2,256,18,0.012349,18872,2633,35796499,85249435,19588250,6278408,11633510,157825,20602115,10052591,9442663,NA,NA,NA
-O2,256,19,0.012511,18692,2633,57632172,87221407,21550341,6382022,11633985,58801,20902860,9943874,NA,NA,NA,NA
-O2,256,20,0.012278,18792,2633,63067407,90684814,21533129,6186466,11633002,57380,20164658,9516428,349281,NA,NA,NA
-O2,256,21,0.012605,19032,2633,51474506,86390779,21045064,6762315,11660139,58968,20960013,10121918,7862463,NA,NA,NA
-O2,256,22,0.012180,19012,2633,63168671,91164468,22026822,6048770,11652830,58989,20058097,9207479,NA,NA,NA,NA
-O2,256,23,0.012668,18368,2633,45296483,87892375,20465846,7109635,11657451,102062,20555214,10153841,9334272,NA,NA,NA
-O2,256,24,0.012427,19168,2633,43769841,83756156,20806298,6219666,11648476,70247,21407265,10202219,7638062,NA,NA,NA
-O2,256,25,0.012754,18680,2633,65636234,93245993,20506185,6706484,11647552,133118,19979646,9773896,9120234,NA,NA,NA
-O2,256,26,0.012534,18832,2633,34221965,79135426,19202028,6306786,11644704,136143,21222492,10327007,9814255,NA,NA,NA
-O2,256,27,0.012942,18988,2633,65180372,94418455,21104834,6341885,11646976,138070,19866106,9470940,9493378,NA,NA,NA
-O2,256,28,0.013625,18896,2633,65303601,87465418,21485206,6845674,11670457,65245,20840962,9654154,6330745,NA,NA,NA
-O2,256,29,0.013251,18848,2633,68745212,90621540,21660812,6364126,11657335,62308,20168474,9585909,357134,NA,NA,NA
-O2,256,30,0.013234,18980,2633,57540823,84943945,19805371,6511277,11685852,106613,20932897,10145216,9825527,NA,NA,NA
-O3,256,1,0.013349,18664,2633,68896237,89597139,20416769,6585526,11684086,66412,20418791,9629244,7746878,NA,NA,NA
-O3,256,2,0.017195,18852,2633,68897223,81280634,17708614,5690953,11829822,71179,21143420,10563812,10257002,719643,NA,NA
-O3,256,3,0.013719,18636,2633,69518484,86394835,18496929,6266466,11726385,145496,20506680,10105213,9642847,77436,NA,NA
-O3,256,4,0.013177,18952,2633,56670894,81335611,19972542,6095709,11687959,64545,21777780,10310545,7863260,NA,NA,NA
-O3,256,5,0.013116,19124,2633,67173641,88876366,21401378,6694307,11672049,65291,20527366,9221305,4635432,NA,NA,NA
-O3,256,6,0.012421,18916,2633,52214651,86429920,21430880,6536353,11656917,59368,21038431,9978914,590132,NA,NA,NA
-O3,256,7,0.012370,19160,2633,51141984,86694311,21036280,6390569,11654603,71413,20758314,9997081,8070106,NA,NA,NA
-O3,256,8,0.012180,18812,2633,34945427,82451640,20252248,6027444,11649405,97247,21322214,10346358,9178219,NA,NA,NA
-O3,256,9,0.012498,18860,2633,53917372,78979117,19235733,6571740,11652019,120028,21270089,10371006,9745435,NA,NA,NA
-O3,256,10,0.012590,19112,2633,66147298,89542876,22050778,6175371,11635206,58613,20460716,9372258,NA,NA,NA,NA
-O3,256,11,0.012243,18856,2633,47872859,84376824,21105497,6294581,11640835,61807,21323682,10037745,4900548,NA,NA,NA
-O3,256,12,0.012194,18944,2633,62426327,89261815,21681516,6098609,11661484,61120,20445180,9518279,NA,NA,NA,NA
-O3,256,13,0.011843,18900,2633,62726273,90545829,22364458,6007145,11632315,58616,20131133,8675438,NA,NA,NA,NA
-O3,256,14,0.012690,18556,2633,45700839,86648577,20666039,6465493,11676583,89152,20810194,9886243,8030621,NA,NA,NA
-O3,256,15,0.012736,18812,2633,61462672,75872020,18647816,6266176,11642124,157262,21694335,10709306,10143970,NA,NA,NA
-O3,256,16,0.013881,18796,2633,55316233,83208602,19266764,6556811,11658099,94060,20999806,10418310,10224723,NA,NA,NA
-O3,256,17,0.012775,18816,2633,26348686,77334836,18644414,5941476,11661070,159794,21182837,10259734,9942454,NA,NA,NA
-O3,256,18,0.012671,18600,2633,66473584,94615116,20959268,7018130,11653095,113260,19777157,9128416,8301885,NA,NA,NA
-O3,256,19,0.013963,18908,2633,70796900,87330668,19831580,6966272,11677375,64076,20835561,9852317,9414876,NA,NA,NA
-O3,256,20,0.013431,18884,2633,70647885,77111339,17971769,6856714,11648950,75526,22115417,11165541,10779973,NA,NA,NA
-O3,256,21,0.012371,18968,2633,64686955,89448822,20761769,6407119,11651366,60862,20407323,9570403,4270408,NA,NA,NA
-O3,256,22,0.012470,18812,2633,63492579,94360592,20926195,6212781,11659644,62396,19346980,7877219,NA,NA,NA,NA
-O3,256,23,0.011829,18492,2633,62927440,91137447,21121242,6220351,11655030,58645,20053079,9522760,350317,NA,NA,NA
-O3,256,24,0.011746,18768,2633,56770697,81798188,20130179,7259242,11649068,66551,21839952,10346064,594521,NA,NA,NA
-O3,256,25,0.011718,18856,2633,61376456,72069452,18432949,6777929,11636995,97884,22452005,10907425,9366592,NA,NA,NA
-O3,256,26,0.012760,18848,2633,56309835,81528339,20413372,5954757,11685710,63571,21899100,10521838,6257314,NA,NA,NA
-O3,256,27,0.012327,19052,2633,55998346,87889387,21852578,5871450,11659691,66155,20738946,8999553,429358,NA,NA,NA
-O3,256,28,0.013661,19184,2633,71085083,95345669,21674958,5695886,11653096,60042,19178160,8887038,563017,NA,NA,NA
-O3,256,29,0.012004,18868,2633,49199947,84807430,21142983,5806315,11644200,63122,21382526,9993631,NA,NA,NA,NA
-O3,256,30,0.012650,18784,2633,66617332,83479033,18948002,5342811,11642919,93991,20948538,10647984,9512597,NA,NA,NA
-Ofast,256,1,0.012058,18748,2717,62020619,88078917,21972480,6014157,11651200,61682,20896479,9316332,NA,NA,NA,NA
-Ofast,256,2,0.012919,18776,2717,64520306,91308579,20958670,6235249,11676045,61599,20089163,9513399,5109565,NA,NA,NA
-Ofast,256,3,0.012916,18832,2717,63764893,90659118,21442875,6312984,11672285,61939,20238352,9516278,7609521,NA,NA,NA
-Ofast,256,4,0.012478,18568,2717,62687218,87741668,19979199,6061594,11654430,130764,20503992,9961520,8988691,NA,NA,NA
-Ofast,256,5,0.012356,19024,2717,58957974,62774540,16881154,5460618,11644398,153301,22506789,11162255,10759021,NA,NA,NA
-Ofast,256,6,0.012816,19160,2717,67348541,91646523,22322810,6304519,11636952,61540,19916418,9079352,NA,NA,NA,NA
-Ofast,256,7,0.014206,18828,2717,70736217,91946846,19278422,6261698,11927366,151759,20085328,9809431,9503570,1053097,NA,NA
-Ofast,256,8,0.012127,19012,2717,30432568,86913799,20150457,5789543,11646125,148199,20537247,9858434,8914302,NA,NA,NA
-Ofast,256,9,0.012897,18828,2717,52678659,85550998,20368422,5741692,11654006,78324,20930815,10064561,8675441,NA,NA,NA
-Ofast,256,10,0.013239,18780,2717,63541528,88238665,20691591,6401552,11671882,61150,20679387,10296386,7316455,NA,NA,NA
-Ofast,256,11,0.012794,19076,2717,65414829,91010940,21673044,5776256,11652738,60904,20140914,9464157,NA,NA,NA,NA
-Ofast,256,12,0.013147,18712,2717,51016112,83251390,20850857,6633369,11684228,67372,21412865,10115257,8538651,NA,NA,NA
-Ofast,256,13,0.013625,18752,2717,66193819,87389147,20524513,6472528,11684822,96475,20697326,9839027,8697671,NA,NA,NA
-Ofast,256,14,0.013176,19212,2717,59231281,86348937,20807071,6882868,11669821,66302,21077508,10282446,3650640,NA,NA,NA
-Ofast,256,15,0.013004,18732,2717,50873992,84195823,20896678,6978092,11672128,65520,21448467,10318832,5979111,NA,NA,NA
-Ofast,256,16,0.013156,18580,2717,69469345,93222245,21790688,6568685,11653951,62342,19650184,9396066,436274,NA,NA,NA
-Ofast,256,17,0.013167,19104,2717,56766910,86935288,20848898,6983251,11654580,60114,20725799,9994132,8003321,NA,NA,NA
-Ofast,256,18,0.013266,19080,2717,69495830,90546620,21117668,6507432,11679792,62766,20220808,9630002,451326,NA,NA,NA
-Ofast,256,19,0.012570,18660,2717,65264826,90495330,21230996,6584023,11672717,60842,20294229,9699988,5599868,NA,NA,NA
-Ofast,256,20,0.013021,18996,2717,68315970,90740029,21395112,6348513,11655165,62739,20222045,9632594,NA,NA,NA,NA
-Ofast,256,21,0.012853,18604,2717,66770483,67738250,15332763,6097030,11658573,138160,22175720,11362784,10875873,165084,NA,NA
-Ofast,256,22,0.012518,19048,2717,59596509,88498757,19837232,6183956,11659981,138588,20391211,9926747,9129862,NA,NA,NA
-Ofast,256,23,0.012210,18908,2717,63282639,82923485,17940425,5071283,11698108,65251,21520261,10274776,5654305,NA,NA,NA
-Ofast,256,24,0.012679,18792,2717,33358985,82118247,18767821,6116032,11664293,140214,21057913,10538451,9953911,NA,NA,NA
-Ofast,256,25,0.011907,18728,2717,60614738,89146055,21244911,6114543,11654373,72847,20346070,9646298,5341514,NA,NA,NA
-Ofast,256,26,0.013214,18780,2717,64115555,90248735,21175824,6067266,11649117,62190,20223335,9357381,3875768,NA,NA,NA
-Ofast,256,27,0.012133,19044,2717,48183034,78592812,19457731,6203940,11653399,110001,21461049,10384198,9058373,NA,NA,NA
-Ofast,256,28,0.012283,18956,2717,56345142,87781659,21552595,6481190,11631633,58602,20748012,9805964,NA,NA,NA,NA
-Ofast,256,29,0.012109,18996,2717,66421279,82003402,19507469,5435967,11664429,95620,21201162,10213266,9305732,NA,NA,NA
-Ofast,256,30,0.013736,18768,2717,66443117,86923115,19066521,6092946,11692396,139191,20699334,10121552,9352520,NA,NA,NA
-O0,512,1,0.431937,18856,2832,1919730791,3675742423,367449245,135911543,154630899,575401,964283082,139992270,139930794,16037269,NA,NA
-O0,512,2,0.501856,18828,2832,1975519876,3739593620,369965830,141045807,156396640,617526,948672053,135227633,134967345,15205549,NA,NA
-O0,512,3,0.543735,18576,2832,2043159716,3698657408,345794916,132799042,152357617,715527,961524311,142652647,143131571,13290651,NA,NA
-O0,512,4,0.427613,18996,2832,1911499015,3682993319,370513064,136158614,154372896,618167,962710305,139590932,139564191,14593847,NA,NA
-O0,512,5,0.426772,18836,2832,1906758289,3669973801,368610603,136485554,154026587,576620,964581967,139927443,139172556,14048702,NA,NA
-O0,512,6,0.432182,19060,2832,1927480528,3669364998,368694880,135729728,154488366,723922,967171995,140065630,140240328,14197362,NA,NA
-O0,512,7,0.455724,18716,2832,1882184575,3615709728,361519561,135679609,155346059,759086,979973887,140916804,140082796,13768572,NA,NA
-O0,512,8,0.441718,19072,2832,1897364922,3677729181,366636531,135626401,154788421,835669,965632268,139481366,140054187,13654882,NA,NA
-O0,512,9,0.478726,18676,2832,1934870902,3652541905,354438151,133387113,152714476,819267,971190409,143117339,142309129,14780924,NA,NA
-O0,512,10,0.517804,18968,2832,1946640027,3650340631,349953481,139296437,160991262,620705,971060613,141054268,136440638,12704950,NA,NA
-O0,512,11,0.468729,18916,2832,1925508143,3655470229,357137940,135086800,154159803,749274,970850633,140469646,140342590,17797084,NA,NA
-O0,512,12,0.441292,18860,2832,1936224282,3681527850,366699138,135547419,154059438,680288,962858668,140076702,140276225,13649798,NA,NA
-O0,512,13,0.523323,18764,2832,1953813926,3783690145,368431289,139650506,159108784,889604,938239290,135584988,136111742,15303057,NA,NA
-O0,512,14,0.516509,18688,2832,1949661930,3731293413,375100877,137451496,153915103,991726,952517160,134992948,138291278,20609989,NA,NA
-O0,512,15,0.493591,18892,2832,1861129348,3664811196,372989953,137871069,158331429,752989,968877618,138014572,137981689,14300208,NA,NA
-O0,512,16,0.508688,18628,2832,1907560977,3676246012,360830115,137082768,156997791,670111,966893158,141089775,139197483,14201909,NA,NA
-O0,512,17,0.525286,18820,2832,2045323761,3790202902,351463561,136557851,154171885,934474,939046517,136535404,139435581,21300537,NA,NA
-O0,512,18,0.444352,18568,2832,1933286774,3694402843,373217569,137211027,156121604,826460,960810213,138836411,139259643,13419977,NA,NA
-O0,512,19,0.440069,18780,2832,1917552297,3673180341,366003923,136132126,155486443,692548,966325408,140222036,140227526,12519044,NA,NA
-O0,512,20,0.432672,19008,2832,1900896134,3684117454,374988622,137186491,156223341,679894,961916586,138974846,138642108,14954224,NA,NA
-O0,512,21,0.430856,18912,2832,1922945423,3676253159,367825619,136104470,155285458,670302,964312633,139684708,139629389,14025872,NA,NA
-O0,512,22,0.433730,18688,2832,1925676592,3678503000,364934748,136239251,155343536,545910,962945452,139768024,139635673,12863343,NA,NA
-O0,512,23,0.439908,18872,2832,1936108406,3692875460,365805828,136555571,156052678,820004,961907419,139817241,139803238,14614785,NA,NA
-O0,512,24,0.425201,18856,2832,1896216908,3675387495,366978052,136511892,154372593,645993,964563656,139732452,138681564,12205082,NA,NA
-O0,512,25,0.430037,19024,2832,1919755107,3673552333,372804222,136382627,155543348,843128,964615469,139630877,139417123,14798951,NA,NA
-O0,512,26,0.427181,18912,2832,1906688811,3651200782,371183502,135112588,153916813,688776,970928539,140672447,140489167,16072683,NA,NA
-O0,512,27,0.414496,18756,2832,1852108214,3679809431,380021475,136676858,154133706,667546,962829375,138624422,138495640,15069912,NA,NA
-O0,512,28,0.438629,18864,2832,1929879884,3700418524,368684006,135692751,154070478,881892,957781679,139612577,139921543,14345535,NA,NA
-O0,512,29,0.440738,18752,2832,1937097200,3686496083,366208714,134712734,153861314,779154,962039572,140011173,140928537,16089342,NA,NA
-O0,512,30,0.423716,19144,2832,1897942672,3683711342,370859673,135148206,152550589,613877,963224284,140232175,140001829,14513140,NA,NA
-O1,512,1,0.703224,18804,2632,3153518792,1038105168,308444265,137785533,156159391,774952,278938162,140139441,140578984,111659311,NA,NA
-O1,512,2,0.707278,18936,2632,3167750428,1035450766,305088441,136813605,154036455,626469,276866068,142235175,142395125,110365081,NA,NA
-O1,512,3,0.731773,18856,2632,3284643879,1029001101,305492964,137871106,154670202,754161,288371125,145001136,145067299,118894310,NA,NA
-O1,512,4,0.665961,18520,2632,2987025769,1028632576,319125715,137565997,154754389,646704,279028755,140712730,140275117,97316595,NA,NA
-O1,512,5,0.714643,18608,2632,3192669521,998017022,306254294,136803842,155328555,951230,291637911,142706616,143197344,113103388,NA,NA
-O1,512,6,0.713139,18604,2632,3200718489,1006817449,297915341,136116832,155578456,833506,286022026,142310406,142135950,115059137,NA,NA
-O1,512,7,0.721265,18596,2632,3235728175,1009143356,301312332,136642989,155735617,878531,288943991,143426633,143680723,115864529,NA,NA
-O1,512,8,0.708430,18728,2632,3180247320,1036192248,309387109,137896805,155297760,658270,278549698,141809916,141631277,110023999,NA,NA
-O1,512,9,0.720528,19156,2632,3219544967,1005243511,302010130,137085959,155950005,1035397,289163937,142246687,142088385,114870451,NA,NA
-O1,512,10,0.621274,19080,2632,2794136908,1017361678,327320713,134264304,152384910,680424,281404509,140776733,142103184,79056601,NA,NA
-O1,512,11,0.702487,18828,2632,3134370500,1028565259,310336208,137455950,155357845,794927,283549702,142141316,142219427,108158147,NA,NA
-O1,512,12,0.625198,18744,2632,2797706863,1035526696,335451442,137234513,154250155,635498,276859181,140080720,140090063,79095279,NA,NA
-O1,512,13,0.696818,18788,2632,3083283284,995305689,319850252,137646963,154627966,939052,297316517,144570298,144358259,99185440,NA,NA
-O1,512,14,0.575150,18680,2632,2557747473,1031260759,356134286,136336412,153476454,738616,276772197,139878914,140825239,53812108,NA,NA
-O1,512,15,0.619712,18980,2632,2733036074,1000637671,342735717,136660177,155569641,906845,289721606,142427199,142414497,68841666,NA,NA
-O1,512,16,0.704644,18856,2632,3121100414,1027078135,311141107,137382216,155567537,844297,283058439,142256969,141781066,104050930,NA,NA
-O1,512,17,0.582902,18400,2632,2600756753,1015672349,353148417,137796961,156227253,810633,283080967,140847880,139881797,59632887,NA,NA
-O1,512,18,0.719017,18972,2632,3201336537,1027729597,309993566,136867574,155199846,833798,285859610,143530847,144122326,111177146,NA,NA
-O1,512,19,0.694835,18928,2632,3102573508,994706659,307099065,136241781,154068396,796152,289958923,142851091,142334510,103392102,NA,NA
-O1,512,20,0.591351,19000,2632,2620861641,995578365,353100234,136677039,156130300,921421,288375617,140450796,141064038,60565026,NA,NA
-O1,512,21,0.647745,19044,2632,2842056690,1005021425,327449114,136779181,154542153,915395,287042041,141376395,140713794,81790199,NA,NA
-O1,512,22,0.705896,19100,2632,3141018054,1030043204,306084839,136647790,155021032,780084,279167980,140718505,141099754,109270726,NA,NA
-O1,512,23,0.715053,18424,2632,3184944454,1013354086,301378438,136726998,155887625,939294,283457449,141273811,141137478,113110305,NA,NA
-O1,512,24,0.719877,18576,2632,3205941795,1026186889,300179638,136498995,155281204,761226,279064501,141985664,141938076,114184545,NA,NA
-O1,512,25,0.714287,18836,2632,3181058607,1022216043,296825962,135078743,154716194,690161,279498076,141805506,142293837,112699421,NA,NA
-O1,512,26,0.707478,18836,2632,3130865414,1026356687,306994917,136944613,154540894,650598,281220721,143672784,142850133,105121113,NA,NA
-O1,512,27,0.718015,18668,2632,3170236169,1033681570,305585323,136430362,156266340,733909,280259872,142201222,142498548,109506368,NA,NA
-O1,512,28,0.713320,18820,2632,3179994484,1006184248,299875190,135761569,155065342,795620,285822726,142560154,142689997,112144823,NA,NA
-O1,512,29,0.663724,18868,2632,2958128403,1010371114,326634406,136876325,155338808,770462,283669293,140474724,141015136,92713706,NA,NA
-O1,512,30,0.718943,18728,2632,3225060027,999067048,298858217,136243322,155334915,870301,288898247,143182167,143059463,115764253,NA,NA
-O2,512,1,0.287996,19128,2633,1316988669,661809267,172908712,67457178,86203114,542271,148717750,72234801,71883902,32104235,NA,NA
-O2,512,2,0.291180,18920,2633,1324022990,667522820,171680575,68065566,85838554,603071,147223998,71322189,71610771,34280675,NA,NA
-O2,512,3,0.287484,18424,2633,1297932225,685157083,175680890,67679072,87029435,464795,141928316,71049706,71590427,30737737,NA,NA
-O2,512,4,0.285924,18992,2633,1292992436,663763231,174956325,68404899,86892189,717917,148694768,70992424,71253874,32678832,NA,NA
-O2,512,5,0.292409,18880,2633,1330070258,658413189,171405935,68316298,85895064,633415,149745896,71698830,71603116,34588261,NA,NA
-O2,512,6,0.289545,18844,2633,1306612387,686517452,174655079,68314849,86858960,513322,141613996,71207947,71092080,32169552,NA,NA
-O2,512,7,0.288522,18876,2633,1311283604,686995762,175449406,68459811,86357848,494860,141031665,70556272,70873692,31834395,NA,NA
-O2,512,8,0.273885,18796,2633,1236810803,683849556,171839900,67313814,87522594,474599,140905720,72024898,71460985,29848127,NA,NA
-O2,512,9,0.287656,18836,2633,1298458662,686550322,176234779,67760599,86411363,509802,141826013,70943189,71744629,30834431,NA,NA
-O2,512,10,0.285892,19052,2633,1297559672,687184287,175679170,67727368,86599358,481702,141120275,70945202,71586805,31080631,NA,NA
-O2,512,11,0.291663,18824,2633,1318551170,658755671,171920087,68383296,86146245,740864,151091704,71894221,71754551,34169958,NA,NA
-O2,512,12,0.285959,18552,2633,1285629154,682518356,174235104,67361221,86799100,555981,142794855,71065473,71948281,31219225,NA,NA
-O2,512,13,0.266571,18780,2633,1179751712,683237502,173575919,67298794,86019445,513559,141550474,71134158,70963194,27305494,NA,NA
-O2,512,14,0.294454,19156,2633,1315134337,669814469,173450080,68338668,86320834,806936,149425608,71022608,71537200,33108764,NA,NA
-O2,512,15,0.285112,18924,2633,1294408648,690187600,176515313,67850910,86520487,524671,141129392,70502584,71683657,30508812,NA,NA
-O2,512,16,0.285381,18984,2633,1295921667,687198079,176110297,68063716,87048244,485410,141569685,70997458,71453852,31156840,NA,NA
-O2,512,17,0.285281,18944,2633,1288486421,658023463,175301963,68282015,87417057,694641,151094278,71205537,71163325,30346751,NA,NA
-O2,512,18,0.290617,19120,2633,1318336815,668019982,174221722,68652539,85946595,659515,147922224,71196238,71303454,34152734,NA,NA
-O2,512,19,0.291805,19004,2633,1320043511,667080437,171900064,67923771,86215345,600618,147647451,71827125,71849622,33230641,NA,NA
-O2,512,20,0.289730,18984,2633,1320827267,656524088,174566091,67798517,85629781,695093,151395881,71637511,71935949,31466893,NA,NA
-O2,512,21,0.286541,18928,2633,1300233759,684971953,172920846,67078562,86496042,516810,141232104,71454989,71893261,30822257,NA,NA
-O2,512,22,0.287396,18760,2633,1304425944,653426158,174442634,67950346,86563153,700048,151202089,70995923,71105408,31306856,NA,NA
-O2,512,23,0.291610,18756,2633,1326758681,662664422,172906741,68301233,85993469,631415,148734528,71596502,71575256,34137978,NA,NA
-O2,512,24,0.285346,19148,2633,1298446006,686243531,176093764,68901036,87723321,413247,141127852,70836699,70668008,32434757,NA,NA
-O2,512,25,0.281906,18812,2633,1279448503,651142831,175515259,67369390,87159185,731539,152253105,70940612,71630637,30115674,NA,NA
-O2,512,26,0.284718,18932,2633,1288961391,686594961,173259561,67274562,86621419,451527,141273414,71475947,71946822,30661442,NA,NA
-O2,512,27,0.289601,18904,2633,1298564178,635588599,173681915,67856279,86418195,762847,158676171,71621763,71712447,30820977,NA,NA
-O2,512,28,0.292957,18512,2633,1325748982,672424066,172978822,68232492,86149936,628170,147075372,71443046,71710035,33743998,NA,NA
-O2,512,29,0.280220,18948,2633,1242275560,670785112,175530523,67495294,86847088,684347,146635755,70809596,71297813,29337458,NA,NA
-O2,512,30,0.288401,18832,2633,1298925282,664996865,176681623,68246448,86880838,772280,149799650,70955534,71339095,30735032,NA,NA
-O3,512,1,0.287937,18960,2633,1302896832,671490500,174810360,67736395,86722668,587767,146505260,71508022,71698366,30949677,NA,NA
-O3,512,2,0.285487,18824,2633,1298187051,685897038,175524424,67332842,86715059,400808,141160679,70920708,71592186,30518375,NA,NA
-O3,512,3,0.275107,18924,2633,1250885040,666880898,171269135,66834157,87079069,592346,146395330,72403214,72535977,31211195,NA,NA
-O3,512,4,0.282391,18884,2633,1277918473,684336813,173210794,66809278,86658592,495210,141948648,71895634,72310780,30999014,NA,NA
-O3,512,5,0.284905,18732,2633,1274109387,688005410,173923212,67200585,86116249,523013,141077500,71400781,72128710,30929254,NA,NA
-O3,512,6,0.283576,18748,2633,1266421134,681793437,175826468,67635752,87016465,597982,143898894,71149635,71649757,29416632,NA,NA
-O3,512,7,0.283500,18988,2633,1278645167,683398943,176966231,67860069,87117811,598956,143327578,70706683,71401150,29678055,NA,NA
-O3,512,8,0.282194,18920,2633,1224166294,673914123,176754748,67511691,86924592,695030,145693869,70657579,71680439,28987602,NA,NA
-O3,512,9,0.288184,18820,2633,1296997415,685128605,176308440,67691915,87046839,455982,141978521,70950168,71539967,29723475,NA,NA
-O3,512,10,0.289352,18956,2633,1306275371,687523485,175454439,68338985,86871590,531885,141771245,70924236,71255203,31895228,NA,NA
-O3,512,11,0.290395,18536,2633,1313597805,668404972,176095124,68864696,86469923,717790,148603512,70870523,71182144,33754762,NA,NA
-O3,512,12,0.289679,18672,2633,1305689790,682963028,176568684,68247864,86557036,565471,146636606,72588500,72655241,30516972,NA,NA
-O3,512,13,0.288665,18896,2633,1269384198,669184804,168739490,67304269,85924989,660668,147547219,72040562,72254155,32734022,NA,NA
-O3,512,14,0.283082,18548,2633,1276305934,685765524,175372287,67865709,86829928,504068,141137924,70841156,70955531,29864446,NA,NA
-O3,512,15,0.282329,18840,2633,1284212416,689243872,176131586,67522829,86454917,419493,140476335,70682299,71310430,29540318,NA,NA
-O3,512,16,0.282441,18932,2633,1282622336,689092858,176056739,67820522,87147896,472011,140372017,70567970,70955558,29847277,NA,NA
-O3,512,17,0.288600,18936,2633,1309589740,690176805,171924489,67875286,86281177,426849,140101848,71224798,71981807,34188567,NA,NA
-O3,512,18,0.230904,19044,2633,1056252453,663446763,175129494,66098534,86362044,453270,145791785,71901528,71813489,22493911,NA,NA
-O3,512,19,0.279620,18936,2633,1246744290,664954540,170173660,66255025,86422635,505836,147262187,73426728,73381337,30077977,NA,NA
-O3,512,20,0.289761,18988,2633,1310220930,655060029,174723233,68010302,86030169,667062,151399607,71279533,71276745,31167219,NA,NA
-O3,512,21,0.286663,18900,2633,1288516280,677675585,176033716,68052707,86915592,539771,143836529,70879257,70963708,30143073,NA,NA
-O3,512,22,0.286219,18712,2633,1287884372,683008455,174404879,68225917,86915487,545590,141991714,71038487,71388778,33072256,NA,NA
-O3,512,23,0.290546,18832,2633,1317564618,682398558,175429029,68036930,86210693,539581,143635276,71087572,71298191,31201621,NA,NA
-O3,512,24,0.283301,19112,2633,1273049515,666518104,175589821,67543260,87191321,697918,148356887,70831169,71556179,29698628,NA,NA
-O3,512,25,0.283284,19056,2633,1282378345,679930237,174770624,67523875,87069152,618748,144179182,71004765,71609473,30502672,NA,NA
-O3,512,26,0.259093,18968,2633,1170479310,665270756,177220858,68213056,86359459,612943,147473979,70255206,70430603,26381620,NA,NA
-O3,512,27,0.292513,18652,2633,1318368203,669254234,174816594,68402820,86312032,658588,147851454,71046643,71248605,32510758,NA,NA
-O3,512,28,0.287510,18704,2633,1285795071,661800745,176756318,68107681,86589359,670411,149939395,70616755,71055412,30029178,NA,NA
-O3,512,29,0.286173,18732,2633,1273090499,676906357,172204850,67285757,87021889,452385,143847940,72398776,72547732,31770214,NA,NA
-O3,512,30,0.286114,19036,2633,1294600445,677776356,174003391,67199151,87135560,487632,143862359,71850386,72190490,30536287,NA,NA
-Ofast,512,1,0.281805,18960,2717,1275486432,687586407,173946020,67447152,86788665,461151,140698781,71201526,71475876,29786823,NA,NA
-Ofast,512,2,0.264830,19140,2717,1197207553,679145066,174268528,68359296,86624744,478974,142966741,71626698,70572030,27453734,NA,NA
-Ofast,512,3,0.285992,18932,2717,1288653043,670120724,174310958,67514579,86627542,579093,146380620,71312454,71547171,30623816,NA,NA
-Ofast,512,4,0.255445,18844,2717,1159394874,691967801,176680748,66272224,84018861,423150,140955979,71520951,72842278,25282388,NA,NA
-Ofast,512,5,0.275368,19032,2717,1240015477,667072861,176376130,67162204,87713982,644305,147301898,71181223,71928296,28616074,NA,NA
-Ofast,512,6,0.287084,18696,2717,1273356398,687111685,176946182,68405446,87248585,578135,142137804,70521723,70848874,30187686,NA,NA
-Ofast,512,7,0.280859,18556,2717,1251073466,673045072,174748171,67457526,87085364,655176,146186225,71288502,71708667,29658183,NA,NA
-Ofast,512,8,0.276015,18884,2717,1237858091,688709386,174019343,68127327,87783713,573896,140290698,71094479,71143039,31017479,NA,NA
-Ofast,512,9,0.286596,18804,2717,1299793312,685792372,175386530,67810038,86523145,509976,141657992,71006685,71638631,31240774,NA,NA
-Ofast,512,10,0.285920,18840,2717,1299253421,683268034,175596739,67720578,87008973,463545,142078563,71024264,71638329,31362877,NA,NA
-Ofast,512,11,0.290523,19004,2717,1315789119,691674144,175643142,68566059,86530554,504705,140643565,70859050,71089095,32729038,NA,NA
-Ofast,512,12,0.290703,18816,2717,1308495673,668653376,174163411,68253889,85509479,625851,147941136,71653900,71503489,31971077,NA,NA
-Ofast,512,13,0.292460,18588,2717,1325751891,663944486,172773638,68078275,85811925,697454,148382538,71409630,71770121,34692076,NA,NA
-Ofast,512,14,0.284946,18860,2717,1296275882,683000259,175827138,67703496,87114571,504242,141968566,70659942,71275212,30397968,NA,NA
-Ofast,512,15,0.287010,18636,2717,1288287150,688006451,175276961,67538657,86755874,520918,141371244,70928447,71550271,30251232,NA,NA
-Ofast,512,16,0.283072,18908,2717,1277338907,684108366,174721791,67316932,87104415,578655,142600615,71260670,71997620,30857833,NA,NA
-Ofast,512,17,0.265833,18912,2717,1208524059,660299453,170148794,65930037,85590507,579916,148846685,72614650,72831898,29156078,NA,NA
-Ofast,512,18,0.286937,19080,2717,1291360718,685666271,172098681,67498219,86761573,549418,141610685,72313920,72437978,32409088,NA,NA
-Ofast,512,19,0.286181,18796,2717,1268513871,683462021,172529042,67955347,87566231,499800,142236804,71169871,71429945,31330291,NA,NA
-Ofast,512,20,0.291292,19176,2717,1324199886,661083891,172708788,68209646,85929872,606567,149171415,71629448,71499920,33620257,NA,NA
-Ofast,512,21,0.290130,18860,2717,1310190599,688740406,173908497,68608524,86815526,527805,141250871,71246167,71476783,33891163,NA,NA
-Ofast,512,22,0.276536,18676,2717,1258190923,656528048,172175617,67111029,87155395,618500,148500619,71550374,71418072,29844489,NA,NA
-Ofast,512,23,0.292330,18616,2717,1304539292,686908670,174055250,68507749,85748662,527975,142719988,71848143,71734028,32967082,NA,NA
-Ofast,512,24,0.287072,18608,2717,1291690430,668625635,174597523,68401053,87473728,612686,147354915,71681478,70979975,29840332,NA,NA
-Ofast,512,25,0.287794,18852,2717,1279439340,686796558,175426160,68218262,87658189,519416,141970603,71135197,71185030,30766504,NA,NA
-Ofast,512,26,0.290814,19028,2717,1300647149,687768519,175089687,67835958,86876032,512835,143448730,72225750,72232184,30493981,NA,NA
-Ofast,512,27,0.298139,19236,2717,1322940015,662922663,172281601,68036251,86992218,747799,150720597,71780878,71887079,33392271,NA,NA
-Ofast,512,28,0.290202,18944,2717,1310463941,666303549,173863371,67447742,86288070,693198,148750893,71883551,71887451,30461336,NA,NA
-Ofast,512,29,0.307566,19092,2717,1385667121,704089028,178493864,69060769,93658203,1438620,152901517,71366946,70724044,28298700,NA,NA
-Ofast,512,30,0.313867,19112,2717,1362002294,693096255,175709709,67402657,92272483,1256741,151574478,72472929,72296970,28464393,NA,NA
-O0,1024,1,4.743787,26172,2832,17112474732,29200556482,2836847517,1092119656,1153482064,5039100,7672470267,1111197640,1109121347,164042018,NA,NA
-O0,1024,2,4.018102,26264,2832,15859638787,29204807837,2986226252,1099318305,1125989264,2805657,7641538012,1099074410,1104481709,124550232,NA,NA
-O0,1024,3,3.596720,26188,2832,15210732909,29133403869,3086985644,1088968090,1142977025,2478388,7646735969,1101580922,1104535050,90559404,NA,NA
-O0,1024,4,3.426894,26036,2832,15188059753,29213196591,3113874369,1096204885,1144822734,2155125,7621332706,1095434598,1097509799,95024238,NA,NA
-O0,1024,5,3.429702,26116,2832,15189954299,29191143330,3097211083,1095697578,1146810756,1976368,7625184588,1097931682,1100099804,98274437,NA,NA
-O0,1024,6,3.715320,26240,2832,15635299515,29287831156,3004714929,1096057174,1146802908,2626673,7604230619,1100711501,1107097699,113568511,NA,NA
-O0,1024,7,3.399731,26196,2832,15020853765,29185841669,3116238598,1097734455,1140915766,2346250,7638767913,1093866984,1096052026,85922411,NA,NA
-O0,1024,8,3.447016,26248,2832,15191454074,29281234552,3061393573,1097063962,1147117793,2420499,7614516816,1096683648,1100222892,82432048,NA,NA
-O0,1024,9,3.559919,26140,2832,15011046625,29073686845,3070041274,1097896348,1146866911,2230660,7664174254,1095864151,1097761832,96387472,NA,NA
-O0,1024,10,3.384484,26172,2832,14973904835,29118656690,3097829726,1096016808,1147119923,2041284,7648859635,1097681194,1099012425,89900096,NA,NA
-O0,1024,11,3.486648,26188,2832,15108376395,29279746136,3101506738,1100895840,1144743676,2372166,7608537191,1092882910,1096167098,98798868,NA,NA
-O0,1024,12,3.711381,25988,2832,15334360651,29116234092,3032886451,1092879145,1141444839,2450551,7651684979,1104654282,1110142376,94663169,NA,NA
-O0,1024,13,3.712345,26060,2832,15385821583,29194251529,3055158873,1105582139,1153674848,2430736,7634691862,1094942818,1096158640,95772143,NA,NA
-O0,1024,14,3.740657,25972,2832,15532747894,29224409937,3015200624,1095291095,1150048450,2264661,7618018631,1103056372,1107555323,94273801,NA,NA
-O0,1024,15,3.683072,26052,2832,15411801399,29388433783,3075495459,1107126979,1143093009,2389803,7580170663,1088815746,1094812947,95171581,NA,NA
-O0,1024,16,3.651968,26060,2832,15525840191,29281173912,3038901297,1100286349,1140289280,2277847,7602978874,1101407281,1104077848,93360489,NA,NA
-O0,1024,17,3.764402,26188,2832,15450589519,29541361344,3045903260,1110388087,1155965017,2444670,7542751115,1091521169,1093712175,96224495,NA,NA
-O0,1024,18,4.165527,26124,2832,15519366889,29252117016,2984180154,1089185859,1140038123,2539905,7623025379,1091851225,1108992470,128163446,NA,NA
-O0,1024,19,4.188031,26072,2832,15550968854,29354044820,2961512055,1095548908,1142666690,2549602,7595501636,1101185541,1099790742,135568749,NA,NA
-O0,1024,20,4.098852,26064,2832,15149734484,28907435218,3042522324,1100836771,1147871874,2560404,7708384236,1092071664,1095793591,139970365,NA,NA
-O0,1024,21,4.209916,26172,2832,15608548984,29336715152,2996324676,1106035326,1143666565,2612121,7600426468,1093158261,1095405007,128897046,NA,NA
-O0,1024,22,3.848556,25972,2832,15345728706,29257186502,3046672120,1100550540,1144672174,2686817,7622856970,1095735222,1098829623,109231063,NA,NA
-O0,1024,23,3.465651,26004,2832,15048870813,29103366023,3103974835,1098709791,1148385431,2200404,7655662459,1095825904,1096983142,102015791,NA,NA
-O0,1024,24,3.426088,26036,2832,15172144914,29157169977,3097820201,1094536637,1146334843,2117645,7629293972,1095889212,1098058777,97762811,NA,NA
-O0,1024,25,3.428236,26128,2832,15173110071,29180047848,3089861050,1095669886,1146920909,1912284,7626645197,1097656642,1099156581,98070891,NA,NA
-O0,1024,26,3.385039,26188,2832,15001824833,29180345250,3106382652,1095159736,1146843748,1961414,7632331242,1097937128,1100182217,95245657,NA,NA
-O0,1024,27,3.581935,26268,2832,15162715388,29187512265,3068271946,1093443996,1146174890,2335411,7631825127,1098896690,1101805748,98515460,NA,NA
-O0,1024,28,3.417301,25992,2832,15146930205,29175881637,3105510810,1097193184,1146123607,1952163,7628444385,1096169445,1098080820,94461876,NA,NA
-O0,1024,29,3.399303,26172,2832,15006543781,29273903476,3110782182,1097430514,1145608938,2145775,7614038797,1096156820,1098863518,94455166,NA,NA
-O0,1024,30,3.369682,26060,2832,14936490208,29231813028,3097675177,1096384966,1145127081,1834080,7620319932,1096042006,1098272353,84351812,NA,NA
-O1,1024,1,5.749026,26132,2632,25697783581,7663176208,2476550577,1092841664,1148517897,2314401,2273953764,1126949289,1127930413,859884329,NA,NA
-O1,1024,2,5.770100,26080,2632,25790483641,7618416814,2525931736,1098768677,1146479083,2452391,2306036688,1136605932,1137315303,835503530,NA,NA
-O1,1024,3,5.797564,26048,2632,25952699079,7680017877,2394716564,1095412473,1150070639,2354790,2260987565,1120021057,1120597204,936978642,NA,NA
-O1,1024,4,5.767645,26052,2632,25824664595,7695432384,2525335101,1094343923,1149597298,2217855,2284465402,1135581543,1136673717,838478425,NA,NA
-O1,1024,5,5.762344,26112,2632,25792568407,7671170369,2535446762,1098273108,1145933329,2340325,2297127537,1136579397,1139053510,834919783,NA,NA
-O1,1024,6,5.751576,25988,2632,25750211235,7637801221,2515614347,1097077842,1150140574,2423352,2292549622,1131549986,1133097829,845924285,NA,NA
-O1,1024,7,5.771756,26260,2632,25849665509,7641100550,2485964543,1097378846,1148765838,2378681,2289558455,1129423954,1129716987,869043509,NA,NA
-O1,1024,8,5.683620,26112,2632,25123308578,7608118886,2577014356,1100909318,1149048428,2620613,2304560895,1135741157,1135118068,780389437,NA,NA
-O1,1024,9,5.723064,26188,2632,24925110392,7664996801,2557691501,1092842117,1148713454,2850897,2282284447,1131104790,1133167968,773426195,NA,NA
-O1,1024,10,5.746341,26004,2632,24933302088,7635504411,2508710513,1094045829,1147129132,2913849,2279685052,1120639224,1125700286,823842173,NA,NA
-O1,1024,11,5.822064,26060,2632,25106261189,7640849626,2523808158,1090272806,1134123783,3025708,2286427322,1130645671,1134731876,797650380,NA,NA
-O1,1024,12,5.994756,26036,2632,25447296416,7644452453,2540407145,1096828146,1137479856,3219685,2295465955,1122163381,1125747471,796306694,NA,NA
-O1,1024,13,6.058408,26004,2632,24531410775,7655444757,2602691540,1097218968,1148684718,3070311,2300848025,1124302546,1128285421,722408017,NA,NA
-O1,1024,14,5.269678,26212,2632,21295299852,7599149303,2832656760,1100455019,1153213902,3194400,2281021867,1121950807,1124405352,485730931,NA,NA
-O1,1024,15,5.923503,26200,2632,25258800610,7642061370,2531245679,1096328010,1145294675,3048540,2297648685,1133129333,1130643916,796981522,NA,NA
-O1,1024,16,5.782402,26176,2632,25855800735,7629442037,2462503399,1092859207,1149403913,2589711,2285683888,1128146803,1128478947,873072354,NA,NA
-O1,1024,17,5.738680,26048,2632,25569404864,7628189832,2498061991,1094145373,1150768558,2479904,2290050908,1127442950,1127994069,840769383,NA,NA
-O1,1024,18,5.776192,26248,2632,25795536830,7645359251,2426013970,1097978570,1150333377,2343438,2273489742,1122321961,1121789040,913363268,NA,NA
-O1,1024,19,5.682768,26272,2632,25160202521,7656477986,2585051555,1100306169,1148390564,2618223,2292319205,1129813741,1132790643,781638497,NA,NA
-O1,1024,20,5.567374,26180,2632,24117622160,7647663344,2590025702,1093862663,1146925172,2798406,2282258678,1132759961,1133620338,725737307,NA,NA
-O1,1024,21,5.879682,26064,2632,24944963263,7716492097,2593239900,1105132499,1146799384,2902734,2269119024,1120734373,1121153661,748177488,NA,NA
-O1,1024,22,6.234597,26076,2632,25709474803,7640704346,2511331200,1095885794,1153708160,3048587,2312143830,1132640288,1136093718,823755988,NA,NA
-O1,1024,23,6.538176,26252,2632,25523392186,7656206039,2523067518,1098266436,1150983862,3036509,2292232687,1128509677,1127640865,791390692,NA,NA
-O1,1024,24,6.006215,26056,2632,25097513599,7656060273,2498061468,1100000632,1122680305,3056224,2281846456,1121228857,1119719581,818870893,NA,NA
-O1,1024,25,5.754214,26188,2632,25362577760,7651111784,2535631552,1096299769,1154288716,2881079,2291110938,1126997418,1127084845,812385060,NA,NA
-O1,1024,26,5.515650,26048,2632,24524057968,7679624455,2603411605,1097632503,1153222820,3038022,2294434597,1132595706,1134068450,746522206,NA,NA
-O1,1024,27,5.688328,26244,2632,25282678739,7712819968,2531679735,1097076005,1151539877,2840392,2270808609,1125836158,1127890395,811264100,NA,NA
-O1,1024,28,5.258313,26224,2632,23271401858,7674629806,2718143707,1100664596,1152795440,3104652,2273335645,1124770419,1126509940,623686778,NA,NA
-O1,1024,29,5.651804,26064,2632,25204204011,7682272576,2525518910,1090865343,1146039447,2418075,2273950950,1128836282,1129757570,807157156,NA,NA
-O1,1024,30,5.701648,26248,2632,24857667819,7635201891,2550742641,1096112599,1153946422,2802205,2288212536,1130673107,1129916567,772091519,NA,NA
-O2,1024,1,2.311306,26176,2633,9912734082,5026830092,1443649346,544756438,608938534,1333249,1143639734,556730384,561025795,208607166,NA,NA
-O2,1024,2,2.338529,26176,2633,10029166292,4930414661,1436229229,549202908,609794129,1517039,1166776207,556176539,555494519,214382729,NA,NA
-O2,1024,3,2.589427,26112,2633,10104637681,4945825338,1396113841,540449562,607349199,1741401,1167192176,563171105,562979635,219659175,NA,NA
-O2,1024,4,2.520907,26068,2633,10033505222,4949828157,1410146914,548190503,607998845,1602406,1164106796,557437507,558079356,228426099,NA,NA
-O2,1024,5,2.638173,26268,2633,10358844147,4968684670,1406550473,549693481,607848346,1569326,1157469117,555357162,555254984,237020102,NA,NA
-O2,1024,6,2.466490,26248,2633,9731399108,4912035060,1415569742,546409682,592587692,1681838,1172822560,556288236,559053949,214638056,NA,NA
-O2,1024,7,2.627045,26048,2633,10076226342,4983154701,1419853497,539205839,603171826,1743038,1158030968,559362025,565808862,217014119,NA,NA
-O2,1024,8,2.631505,26136,2633,10313860729,4975039269,1437714965,553995320,586076267,1338041,1160461015,551645528,552549988,226634495,NA,NA
-O2,1024,9,2.549522,26136,2633,10086632598,4952729721,1417602955,546578926,610062819,1674167,1164901501,561514767,559770915,219627266,NA,NA
-O2,1024,10,2.498167,26068,2633,9959023491,5016032801,1446911937,545087145,601660194,1424454,1145316880,554286496,561766862,213311658,NA,NA
-O2,1024,11,2.409278,26048,2633,9885765885,4904377319,1426327983,548477623,608080884,1457957,1171277371,560793193,557557076,213943265,NA,NA
-O2,1024,12,2.261222,25988,2633,10108828154,4982955708,1433467450,545486422,607860885,1195101,1150319066,556819217,559944419,226097981,NA,NA
-O2,1024,13,2.273072,25988,2633,10196144222,4947412706,1439940029,543502271,607852889,1389983,1163549635,555521943,558443141,221524644,NA,NA
-O2,1024,14,2.276462,26252,2633,10196006887,4928751401,1436018742,546901381,604695643,1469275,1167030297,555649649,557438518,224277575,NA,NA
-O2,1024,15,2.264635,26208,2633,10096294043,4941445806,1437044977,546266607,607825267,1434185,1162093332,555189606,557021444,219105791,NA,NA
-O2,1024,16,2.261699,26112,2633,10131685860,4963807846,1435757041,546845997,606235339,1159233,1156538111,557018060,558140100,221676882,NA,NA
-O2,1024,17,2.274180,26116,2633,10191175978,5003906557,1433695530,544693735,608771673,1322999,1147993107,556963979,558651793,222367121,NA,NA
-O2,1024,18,2.215796,25988,2633,9961582287,4927547119,1441004920,544840810,591892366,1360484,1168475866,555756341,557092358,208570286,NA,NA
-O2,1024,19,2.254277,26132,2633,10070860958,4985572604,1440045860,547977733,607823701,1261055,1157585027,558888850,558951224,215914621,NA,NA
-O2,1024,20,2.260655,26112,2633,10064838897,4975786182,1434061270,544100910,606806422,1395828,1156699174,558333977,559603661,212545387,NA,NA
-O2,1024,21,2.203426,26120,2633,9807337398,4968522460,1447578336,547745436,608658530,1447960,1158479248,553434258,555753871,206534286,NA,NA
-O2,1024,22,2.294667,26136,2633,10263053459,4960963884,1432538091,548129924,608243062,1454094,1162917839,558062860,557755469,223962700,NA,NA
-O2,1024,23,2.241768,26220,2633,9976052485,4943203295,1435339405,548717275,606531364,1607055,1166329594,556841029,557710362,220807743,NA,NA
-O2,1024,24,2.243066,26060,2633,10027138965,5003506986,1437138441,545392882,606971277,1286466,1147547402,555529583,556986591,213124336,NA,NA
-O2,1024,25,2.197601,26188,2633,9864581858,4981227816,1430592148,545285991,607466220,1137945,1149878075,554747544,556139096,220124852,NA,NA
-O2,1024,26,2.282312,25972,2633,10246408128,5010856112,1423112893,545256284,604797047,1109869,1143856230,558553761,560331103,235547101,NA,NA
-O2,1024,27,2.266501,26064,2633,10177378105,4928425479,1431353793,546219623,607483370,1309487,1165548569,557575108,558496598,225351746,NA,NA
-O2,1024,28,2.267521,26272,2633,10182593676,4950581240,1436106760,546759451,608970133,1260195,1162053078,558680262,558282417,219828539,NA,NA
-O2,1024,29,2.281465,26120,2633,10242616294,4945021581,1434139269,545850085,606057504,1281019,1163877457,556324976,557644530,225825824,NA,NA
-O2,1024,30,2.262013,26132,2633,10116221830,4977934434,1431928919,543286804,607096274,1235052,1153484642,558824370,559871980,216069109,NA,NA
-O3,1024,1,2.210465,26060,2633,9803740140,4953456380,1439032686,546887265,591065972,1309616,1160380246,556095109,556997222,207310539,NA,NA
-O3,1024,2,2.265794,26052,2633,10121607769,4987908485,1431670042,544325066,610118315,1594275,1155111738,557875135,559052551,218576132,NA,NA
-O3,1024,3,2.264702,26248,2633,10033400288,4967712961,1433169181,545789726,607247908,1401763,1155975809,557309204,559659213,220396773,NA,NA
-O3,1024,4,2.316285,26032,2633,10392269817,4967254568,1437684238,546530168,603343924,1190926,1157734066,553920099,557512114,231265839,NA,NA
-O3,1024,5,2.233636,26176,2633,10032328896,4945685642,1434090699,545023042,607011405,1265395,1159807446,556086201,559326737,222613152,NA,NA
-O3,1024,6,2.253355,26212,2633,10123731720,4976926257,1427482816,546432629,605382447,1082213,1150380548,557248389,557948992,226079331,NA,NA
-O3,1024,7,2.216919,26204,2633,9956352998,4922010036,1433487835,545456384,608342006,1283518,1165558541,556289510,557449650,218054882,NA,NA
-O3,1024,8,2.253387,26208,2633,10122938783,4932800605,1427248686,544606907,606801661,1198210,1163316046,558181283,557335403,220877677,NA,NA
-O3,1024,9,2.212916,26132,2633,9898673658,4993713618,1445243150,548073732,605819445,1123734,1147328998,555391956,556949254,214407813,NA,NA
-O3,1024,10,2.263501,26116,2633,10175013563,4916481680,1432729225,544584770,608788415,1468659,1169867251,556620491,557127931,219101283,NA,NA
-O3,1024,11,2.235478,26204,2633,10044442134,5017028404,1438127398,545123766,606657419,1317002,1141266190,555521023,558983567,220891310,NA,NA
-O3,1024,12,2.263850,26160,2633,10177004715,4986895269,1445676782,547567607,608879555,1266503,1150361539,552855448,554273601,217701658,NA,NA
-O3,1024,13,2.255497,26244,2633,10135360173,4952861761,1434844147,548125606,608159525,1218244,1159149472,556714138,556672009,226711597,NA,NA
-O3,1024,14,2.296399,26244,2633,10318891944,4968099009,1431362585,547685263,606850567,1178882,1154311133,557619747,557708727,229442821,NA,NA
-O3,1024,15,2.270722,26188,2633,10206511709,4966145505,1425757633,545191847,607571956,1186901,1155291988,559029347,559255579,224982724,NA,NA
-O3,1024,16,2.300555,26172,2633,10325107450,4923683485,1422321286,545330403,608403207,1345693,1167559561,558745629,559052664,229175234,NA,NA
-O3,1024,17,2.285840,26112,2633,10280588586,4947455939,1431043538,549110286,606669235,1314635,1162755555,554534880,555933429,230743000,NA,NA
-O3,1024,18,2.282862,26200,2633,10266991960,4997114385,1439429706,546342227,606119332,1156047,1149299097,556028435,557170750,220755458,NA,NA
-O3,1024,19,2.269301,26140,2633,10206067794,4951766284,1430634463,542402224,606219941,1266917,1163241268,559795480,561180239,223887857,NA,NA
-O3,1024,20,2.267720,26200,2633,10200180623,4958650259,1421883447,544669203,607473188,1247208,1156251304,559843260,561060552,231875011,NA,NA
-O3,1024,21,2.276411,26036,2633,10238622561,5011756519,1435839593,546182719,606041348,1226548,1144158821,554783973,559302151,235124547,NA,NA
-O3,1024,22,2.272018,26136,2633,10200158152,4971146458,1439412784,545577848,607772569,1283277,1156553809,555370741,558421578,221599387,NA,NA
-O3,1024,23,2.248497,26224,2633,10106104364,4966287794,1432267153,546498939,605109636,1126052,1155646075,557307833,558513334,221923606,NA,NA
-O3,1024,24,2.234638,26048,2633,10054653105,4927587337,1439559188,544742195,605392679,1441377,1168161218,554290823,556869722,221160852,NA,NA
-O3,1024,25,2.221676,26116,2633,9994329738,4967296659,1438087178,546008085,608171441,1268425,1154297272,553875444,555767291,222549258,NA,NA
-O3,1024,26,2.246027,26252,2633,10100312152,4959304394,1429701662,547477710,605969490,1206915,1157742221,554619986,556788541,224336324,NA,NA
-O3,1024,27,2.241452,26068,2633,10085584553,4973808619,1429956093,544924994,604704397,1250957,1154833330,555987601,558078866,219251972,NA,NA
-O3,1024,28,2.265402,26144,2633,10165552051,5007000980,1433656391,543641330,606422774,1190198,1144082970,555756113,558953718,220453646,NA,NA
-O3,1024,29,2.252669,26188,2633,10134498264,4965985615,1426662892,545117410,605394181,1154239,1153783786,556313409,556718636,224269055,NA,NA
-O3,1024,30,2.266759,25972,2633,10197106516,4967048916,1426799053,545717348,608081198,1160198,1154042067,558812549,559303756,228813347,NA,NA
-Ofast,1024,1,2.258998,26004,2717,10161299939,4996917428,1426162090,543690271,605556978,1190861,1144825661,558722056,560437878,225392272,NA,NA
-Ofast,1024,2,2.243321,26276,2717,10092854615,4964074588,1442228737,546856869,605785729,1149902,1157452743,554305453,556674278,220027418,NA,NA
-Ofast,1024,3,2.256496,26040,2717,10146541989,4940922403,1437481159,547317295,607088484,1322601,1163536138,556254101,557563951,221648624,NA,NA
-Ofast,1024,4,2.254636,26132,2717,10122568486,4979706744,1433183522,544389002,604885088,1067715,1150383661,557110832,557916455,215434490,NA,NA
-Ofast,1024,5,2.259799,26188,2717,10158512020,4969174203,1424987480,545648979,607811156,1149296,1153047141,558288433,558680040,231423510,NA,NA
-Ofast,1024,6,2.269987,26200,2717,10209523793,4996221693,1427406334,543936398,606550938,1176671,1146478195,558415085,560518576,225647630,NA,NA
-Ofast,1024,7,2.271375,26160,2717,10219105764,4917286194,1425582802,545163400,606749937,1411800,1171800718,555617130,558026813,225023578,NA,NA
-Ofast,1024,8,2.272379,26200,2717,10221741363,4937423742,1434455346,543917965,605914241,1341213,1165952960,557425652,559645604,224565244,NA,NA
-Ofast,1024,9,2.264226,26248,2717,10166652203,4969287879,1439682153,545788086,608066210,1354792,1155803019,555200742,557116972,224940626,NA,NA
-Ofast,1024,10,2.277696,26184,2717,10251561599,4936049771,1439757118,549461835,605963053,1434078,1166268215,554295873,556502219,230545256,NA,NA
-Ofast,1024,11,2.258896,26252,2717,10162960626,4923280121,1425558100,545164595,608431847,1312922,1166946339,559343934,558837983,226823728,NA,NA
-Ofast,1024,12,2.281040,26172,2717,10265017189,4974347531,1434276712,546339422,604560869,1237253,1154987543,556490702,558483695,225375091,NA,NA
-Ofast,1024,13,2.259273,26112,2717,10160321279,4936474534,1430743443,544027315,607763604,1278925,1163001563,557954282,560029518,225457992,NA,NA
-Ofast,1024,14,2.263371,26160,2717,10181375777,4931194799,1433751302,545371844,608367633,1302964,1167826658,557117872,557786039,222293295,NA,NA
-Ofast,1024,15,2.234245,26156,2717,10051848338,4954042626,1439050098,546975609,606671826,1301210,1159257361,554188585,556520452,219362870,NA,NA
-Ofast,1024,16,2.260489,26176,2717,10171841503,4991144803,1423598900,543531255,605414106,1041163,1145974883,558883129,560808698,225995569,NA,NA
-Ofast,1024,17,2.246299,26248,2717,10108546236,4990531366,1433469441,547893215,606807836,1111150,1151136548,556183474,557485214,227988597,NA,NA
-Ofast,1024,18,2.240772,26256,2717,10083079861,4958350642,1434572150,544844565,605346427,1297603,1157371832,556278259,558188241,222365066,NA,NA
-Ofast,1024,19,2.254155,26116,2717,10127396195,5011595367,1428176084,544349517,606476060,1059204,1141699898,556745054,558391135,222715473,NA,NA
-Ofast,1024,20,2.256682,26236,2717,10152782556,4965956559,1429877560,546488886,605916475,1068741,1154305745,558675794,558691903,224486605,NA,NA
-Ofast,1024,21,2.265913,26276,2717,10198554119,4943658850,1426457650,546330877,609020441,1257307,1159621018,558843023,559131201,229722005,NA,NA
-Ofast,1024,22,2.246827,26200,2717,10109562400,4986853901,1436654822,545545505,605003533,1005356,1150236181,556665774,557005182,217002139,NA,NA
-Ofast,1024,23,2.300476,26192,2717,10354379866,4931488911,1423812140,546883580,608032972,1251059,1164528028,558460707,559909359,239394451,NA,NA
-Ofast,1024,24,2.255393,26064,2717,10104299376,4937810724,1436394666,545712292,606041936,1264715,1162554882,556038407,556805773,215162575,NA,NA
-Ofast,1024,25,2.249789,25988,2717,10123212962,4943197745,1439557701,549696193,606751227,1264649,1160983579,554378632,555242217,225475839,NA,NA
-Ofast,1024,26,2.201475,26184,2717,9890962307,4918606594,1441994467,547532124,606535323,1346930,1169579111,554648505,555541859,213481724,NA,NA
-Ofast,1024,27,2.219945,26112,2717,9990320686,4988011407,1440991189,545541145,607220033,1135528,1149679798,555375344,557347637,214613791,NA,NA
-Ofast,1024,28,2.249945,26116,2717,10113923948,5000651412,1437048362,545111358,606251961,1108563,1145165787,556155213,557561488,217347749,NA,NA
-Ofast,1024,29,2.236248,26240,2717,10064829795,4982570087,1438773041,546336923,608298225,1098443,1151535479,555982505,558109069,221833272,NA,NA
-Ofast,1024,30,2.238264,26180,2717,10070544177,4997388812,1436552655,544516867,605091516,1253368,1147745654,555490394,558549845,219558547,NA,NA
-O0,2048,1,57.645539,99864,2832,257813108375,232955440070,28193909370,9996696084,8797197317,13038524,61155326081,9564745357,9568958799,384304354,NA,NA
-O0,2048,2,58.101234,99848,2832,259947693828,232875672323,27956684278,9939160706,8828742524,13142950,61133513007,9587323656,9586843780,381066192,NA,NA
-O0,2048,3,59.989175,99848,2832,267940578792,233117331944,28386580620,9785667976,8816919872,14676928,61156675137,9526980136,9534347057,374328149,NA,NA
-O0,2048,4,56.905707,99800,2832,254608214231,232797048517,28381604776,10015017232,8815927921,13074582,61206352957,9590428280,9593367226,360186037,NA,NA
-O0,2048,5,56.431046,99952,2832,252586903733,232802088551,28528604383,10011610359,8800509800,12888075,61207740190,9578183908,9575470970,336097537,NA,NA
-O0,2048,6,56.818194,99792,2832,254355225979,232806498775,28482482879,10024663649,8812149702,12894305,61213531847,9586210891,9586381202,348869169,NA,NA
-O0,2048,7,57.063380,99996,2832,255470313388,232889349153,28333494153,10001888141,8798292659,13173956,61155332293,9565472657,9566380941,351735336,NA,NA
-O0,2048,8,57.105973,99976,2832,255604025586,232827465013,28391891532,10011919434,8823142660,13352054,61216755377,9582892887,9583555084,381189523,NA,NA
-O0,2048,9,57.229678,99884,2832,256221762490,232871920297,28680698774,10035389353,8808442516,12744362,61198407772,9582720688,9584700051,373406508,NA,NA
-O0,2048,10,57.183784,99964,2832,255981579855,232780300020,28510447534,10035943620,8835177866,12995589,61226699685,9603030946,9606104574,380873814,NA,NA
-O1,2048,1,139.547958,99948,2632,626026967827,61417158576,42634776449,25329162299,8881376976,25060536,82060490279,27027138088,27026376269,16808952729,NA,NA
-O1,2048,2,139.763392,99816,2632,626971246719,61280188762,42928880236,25507971869,8904651140,25237768,82416964169,27127461259,27129064027,16854058116,NA,NA
-O1,2048,3,141.431491,99732,2632,634397773720,61292677161,44071086266,26052200629,8894762118,26552706,83464900983,27571036515,27577333710,17033683292,NA,NA
-O1,2048,4,142.421566,99976,2632,639227902714,61417259353,44284362290,26248176812,8880378974,25515417,84249210662,27790258565,27792396768,17236564454,NA,NA
-O1,2048,5,141.764261,99792,2632,636049009604,61396053664,44143788468,26057349346,8896605392,27383273,83584088011,27611747719,27617225916,17038762894,NA,NA
-O1,2048,6,140.898586,99932,2632,632540095695,61484318004,43731665075,25890948524,8885870165,25222545,83443501028,27461617424,27461322147,16963814442,NA,NA
-O1,2048,7,142.700599,99904,2632,639080393843,61291373365,44208006480,26187953934,8890592820,25437001,84073169822,27724878338,27728704089,17184755128,NA,NA
-O1,2048,8,138.227623,99976,2632,620182276791,61290608125,42054519836,24923148575,8903010393,25059183,81337059961,26701937706,26707188741,16509356769,NA,NA
-O1,2048,9,142.018025,99944,2632,637392026289,61326010908,44113964715,26130513558,8868495097,25674141,83803250155,27639048173,27641085077,17114669129,NA,NA
-O1,2048,10,141.899788,99968,2632,636803520008,61266710103,44099419719,26102355404,8881066363,25471985,83908377317,27687957999,27693492163,17107603280,NA,NA
-O2,2048,1,51.312253,99840,2633,230834904362,39543831053,14246180133,7591851128,4493094281,10038525,23975501705,8826372333,8827730300,4588705808,NA,NA
-O2,2048,2,51.279284,99780,2633,230670055744,39563557291,14408717494,7618778612,4498174491,10458885,24018621780,8844488274,8845406230,4549853577,NA,NA
-O2,2048,3,51.189515,99732,2633,230298978131,39514978006,14320427259,7593181691,4492600703,10108928,24043318583,8841989383,8841707290,4553236087,NA,NA
-O2,2048,4,51.264939,99840,2633,230619735844,39388323139,14344209518,7607344753,4501172350,9831660,24083603834,8828926703,8831587890,4548496654,NA,NA
-O2,2048,5,51.409376,99784,2633,231325148889,39502483823,14363939837,7619379976,4478143316,9852220,24168712321,8880202258,8881895934,4582350753,NA,NA
-O2,2048,6,51.206293,99928,2633,230360959644,39440243079,14308505552,7584222926,4499223185,9817341,24101784843,8842950538,8843164891,4557278307,NA,NA
-O2,2048,7,51.113636,99936,2633,230015063596,39517741398,14273052690,7590606492,4492388672,10081067,23977522155,8825648211,8826023922,4567055099,NA,NA
-O2,2048,8,52.881618,99764,2633,238050280540,39423994237,12590136270,7042771006,4502250243,9960727,23211342870,8339059226,8337768113,4779638985,NA,NA
-O2,2048,9,51.347400,99892,2633,231122763934,39547601485,14252327008,7591134102,4488776084,9852684,24050540477,8835325694,8835423656,4586146215,NA,NA
-O2,2048,10,51.391535,99860,2633,231283481312,39461163539,14289115521,7597087894,4487273469,9901630,24116059202,8842384767,8842768686,4570805572,NA,NA
-O3,2048,1,50.969074,99960,2633,229397901286,39480732064,14310180716,7562720675,4486607154,10405207,23863268515,8792107603,8795091343,4522388810,NA,NA
-O3,2048,2,51.432857,99920,2633,231375701001,39435417478,14340520154,7647201361,4527827386,10017074,24130697768,8866354515,8867178918,4613497836,NA,NA
-O3,2048,3,51.370204,99712,2633,231100067077,39439900194,14272979637,7612822694,4522649082,10030586,24104919334,8853429976,8850485538,4600484567,NA,NA
-O3,2048,4,51.255550,99784,2633,230517482581,39376640208,14254559923,7585858981,4504223236,10504666,24070206159,8834124255,8834596806,4582011371,NA,NA
-O3,2048,5,51.181237,99968,2633,230213473238,39385010540,14295594588,7580330791,4511993542,10351640,24018209981,8816392635,8817609178,4563020866,NA,NA
-O3,2048,6,50.950610,99976,2633,229186190595,39408630361,14301647141,7567713820,4511566030,10287579,23898343393,8795370798,8800642499,4543755267,NA,NA
-O3,2048,7,51.155306,99784,2633,230136023807,39374109955,14241387665,7591863565,4504906173,10016944,24000611525,8810874320,8811821866,4592406205,NA,NA
-O3,2048,8,51.174848,99980,2633,230217269225,39413484957,14359136836,7605282812,4516182777,10114239,24099719448,8848081608,8847688457,4545834613,NA,NA
-O3,2048,9,51.247735,99888,2633,230630689218,39502880904,14312861571,7602958903,4478928118,10124721,24095799739,8842127891,8841582693,4569794691,NA,NA
-O3,2048,10,51.291252,99792,2633,230802285755,39480204920,14272921187,7591550407,4486311095,10060611,24061763624,8836285740,8836817412,4569231948,NA,NA
-Ofast,2048,1,51.270936,99796,2717,230704066492,39553764200,14337810193,7615476780,4477264934,10114467,24105036289,8856844051,8856569988,4570692964,NA,NA
-Ofast,2048,2,51.285539,99912,2717,230726240567,39424875377,14313187869,7614258840,4504341687,9815047,24129152506,8858646081,8858618448,4578694714,NA,NA
-Ofast,2048,3,51.280858,99880,2717,230732053170,39461169360,14297991855,7622503914,4503877468,9870210,24139235970,8850770045,8852177478,4596880052,NA,NA
-Ofast,2048,4,50.668796,99976,2717,227911717934,39356548822,14275481007,7534460456,4512516189,9922201,23779463732,8734748796,8735172655,4476460221,NA,NA
-Ofast,2048,5,50.203178,99928,2717,225845447141,39450435296,14270717078,7509854176,4513132731,9773844,23612378099,8681882947,8681222817,4428718311,NA,NA
-Ofast,2048,6,51.205598,99912,2717,230370292948,39422554196,14343540043,7608417912,4491445069,10232599,24124996186,8843849599,8844759881,4559818595,NA,NA
-Ofast,2048,7,51.533145,99792,2717,231893280818,39505843499,14208547091,7590804042,4483357009,9688172,24100556993,8841761886,8842167662,4611102574,NA,NA
-Ofast,2048,8,51.290891,99780,2717,230717709990,39367952674,14248956912,7596277900,4511725963,10133718,24115584112,8852829870,8854032815,4605422448,NA,NA
-Ofast,2048,9,51.298510,99732,2717,230741961209,39333362423,14258664913,7598865848,4507153713,10155708,24090848859,8835360623,8838427765,4590250657,NA,NA
-Ofast,2048,10,51.412043,99880,2717,231323362317,39504973131,14474826437,7703245034,4490893967,9763336,24334154587,8921994603,8922689065,4612070901,NA,NA
